<?xml version="1.0" encoding="UTF-8"?>
<project-private xmlns="http://www.netbeans.org/ns/project-private/1">
    <editor-bookmarks xmlns="http://www.netbeans.org/ns/editor-bookmarks/2" lastBookmarkId="0"/>
    <open-files xmlns="http://www.netbeans.org/ns/projectui-open-files/2">
        <group>
            <file>file:/D:/EWU/2018-Fall/CSE365/project/GraphColoring/GraphGUI-master/Graphify/src/graphify/GraphifyGUI.java</file>
            <file>file:/D:/EWU/2018-Fall/CSE365/project/GraphColoring/GraphGUI-master/Graphify/src/graphify/Algorithms.java</file>
        </group>
    </open-files>
</project-private>
